id,first_name,last_name,email,gender
1,George,Armstrong,garmstrong0@miibeian.gov.cn,Male
2,Timothy,Garrett,tgarrett1@qq.com,Male
3,Melissa,Tucker,mtucker2@springer.com,Female
4,Diane,Black,dblack3@blogspot.com,Female
5,Christine,Peterson,cpeterson4@ted.com,Female
6,Benjamin,Cooper,bcooper5@nationalgeographic.com,Male
7,Samuel,Murray,smurray6@forbes.com,Male
8,Jeffrey,Bell,jbell7@ning.com,Male
9,Andrew,Bowman,abowman8@domainmarket.com,Male
10,Alan,Bryant,abryant9@chronoengine.com,Male
11,Sean,Turner,sturnera@php.net,Male
12,Donald,Freeman,dfreemanb@yahoo.co.jp,Male
13,Christopher,Hall,challc@ucoz.com,Male
14,Aaron,Montgomery,amontgomeryd@ibm.com,Male
15,Rachel,Ward,rwarde@about.com,Female
16,Heather,Harper,hharperf@globo.com,Female
17,Carlos,Matthews,cmatthewsg@bluehost.com,Male
18,Mary,Cruz,mcruzh@themeforest.net,Female
19,Peter,Phillips,pphillipsi@nps.gov,Male
20,Antonio,Cunningham,acunninghamj@umich.edu,Male
21,James,Arnold,jarnoldk@ibm.com,Male
22,Eric,Richardson,erichardsonl@sciencedaily.com,Male
23,Benjamin,Patterson,bpattersonm@nhs.uk,Male
24,Louis,Rivera,lriveran@cbsnews.com,Male
25,Denise,Oliver,dolivero@timesonline.co.uk,Female
26,Samuel,Peters,spetersp@census.gov,Male
27,Mary,Sanchez,msanchezq@uol.com.br,Female
28,Michelle,Frazier,mfrazierr@mapy.cz,Female
29,Michael,Myers,mmyerss@usda.gov,Male
30,Juan,Frazier,jfraziert@wikia.com,Male
31,Eric,Jones,ejonesu@redcross.org,Male
32,Diana,Bailey,dbaileyv@dyndns.org,Female
33,Jessica,James,jjamesw@dropbox.com,Female
34,Tina,Fox,tfoxx@nyu.edu,Female
35,Jimmy,Howard,jhowardy@irs.gov,Male
36,Jane,Hart,jhartz@typepad.com,Female
37,Fred,Black,fblack10@bloomberg.com,Male
38,Victor,Hart,vhart11@mit.edu,Male
39,Lawrence,Bennett,lbennett12@businessweek.com,Male
40,Heather,Tucker,htucker13@usda.gov,Female
41,Tammy,James,tjames14@macromedia.com,Female
42,Raymond,Reynolds,rreynolds15@berkeley.edu,Male
43,Mary,Rice,mrice16@wikimedia.org,Female
44,Ashley,Palmer,apalmer17@soundcloud.com,Female
45,Betty,Wright,bwright18@marketwatch.com,Female
46,Christine,Murphy,cmurphy19@ocn.ne.jp,Female
47,Ann,Gonzalez,agonzalez1a@irs.gov,Female
48,Elizabeth,Mccoy,emccoy1b@deliciousdays.com,Female
